{
	"name": "challenge2_dataflow",
	"properties": {
		"type": "MappingDataFlow",
		"typeProperties": {
			"sources": [
				{
					"dataset": {
						"referenceName": "AzureSqlMetricsParquet",
						"type": "DatasetReference"
					},
					"name": "azuresqlMetrics"
				},
				{
					"dataset": {
						"referenceName": "SQLServerMetricsParquet",
						"type": "DatasetReference"
					},
					"name": "sqlserverMetrics"
				},
				{
					"dataset": {
						"referenceName": "CosmosDBJSON",
						"type": "DatasetReference"
					},
					"name": "cosmosDBJSON"
				},
				{
					"dataset": {
						"referenceName": "AzureSqlCountryParquet",
						"type": "DatasetReference"
					},
					"name": "azuresqlCountry"
				},
				{
					"dataset": {
						"referenceName": "AzureSqlDatesParquet",
						"type": "DatasetReference"
					},
					"name": "azuresqlDates"
				}
			],
			"sinks": [
				{
					"dataset": {
						"referenceName": "casesParquet",
						"type": "DatasetReference"
					},
					"name": "Cases"
				},
				{
					"dataset": {
						"referenceName": "policiesParquet",
						"type": "DatasetReference"
					},
					"name": "policiesParquet"
				},
				{
					"dataset": {
						"referenceName": "recoveriesParquet",
						"type": "DatasetReference"
					},
					"name": "Recoveries"
				},
				{
					"dataset": {
						"referenceName": "deathsParquet",
						"type": "DatasetReference"
					},
					"name": "Deaths"
				},
				{
					"dataset": {
						"referenceName": "geographyParquet",
						"type": "DatasetReference"
					},
					"name": "geographyParquet"
				},
				{
					"dataset": {
						"referenceName": "datesParquet",
						"type": "DatasetReference"
					},
					"name": "datesParquet"
				}
			],
			"transformations": [
				{
					"name": "union"
				},
				{
					"name": "selectCases"
				},
				{
					"name": "selectPolicies"
				},
				{
					"name": "dateToDate"
				},
				{
					"name": "selectDeaths"
				},
				{
					"name": "selectRecoveries"
				},
				{
					"name": "selectGeography"
				},
				{
					"name": "selectDates"
				}
			],
			"scriptLines": [
				"source(output(",
				"          ID as integer,",
				"          Updated as date,",
				"          Confirmed as integer,",
				"          Confirmed_Change as integer,",
				"          Deaths as integer,",
				"          Deaths_Change as integer,",
				"          Recovered as integer,",
				"          Recovered_Change as integer,",
				"          Latitude as decimal(10,5),",
				"          Longitude as decimal(10,5),",
				"          ISO2 as string,",
				"          ISO3 as string,",
				"          Country_Region as string,",
				"          load_time as timestamp",
				"     ),",
				"     allowSchemaDrift: true,",
				"     validateSchema: false,",
				"     ignoreNoFilesFound: false,",
				"     format: 'parquet') ~> azuresqlMetrics",
				"source(output(",
				"          ID as integer,",
				"          Updated as date,",
				"          Confirmed as integer,",
				"          Confirmed_Change as integer,",
				"          Deaths as integer,",
				"          Deaths_Change as integer,",
				"          Recovered as integer,",
				"          Recovered_Change as integer,",
				"          Latitude as decimal(10,5),",
				"          Longitude as decimal(10,5),",
				"          ISO2 as string,",
				"          ISO3 as string,",
				"          Country_Region as string,",
				"          load_time as timestamp",
				"     ),",
				"     allowSchemaDrift: true,",
				"     validateSchema: false,",
				"     ignoreNoFilesFound: false,",
				"     format: 'parquet') ~> sqlserverMetrics",
				"source(output(",
				"          CountryName as string,",
				"          CountryCode as string,",
				"          RegionName as string,",
				"          RegionCode as string,",
				"          Jurisdiction as string,",
				"          Date as string,",
				"          {C1_School closing} as integer,",
				"          C1_Flag as integer,",
				"          {C2_Workplace closing} as integer,",
				"          C2_Flag as integer,",
				"          {C3_Cancel public events} as integer,",
				"          C3_Flag as integer,",
				"          {C4_Restrictions on gatherings} as integer,",
				"          C4_Flag as integer,",
				"          {C5_Close public transport} as integer,",
				"          C5_Flag as integer,",
				"          {C6_Stay at home requirements} as integer,",
				"          C6_Flag as integer,",
				"          {C7_Restrictions on internal movement} as integer,",
				"          C7_Flag as integer,",
				"          {C8_International travel controls} as integer,",
				"          {E1_Income support} as integer,",
				"          E1_Flag as integer,",
				"          {E2_Debt contract relief} as integer,",
				"          {E3_Fiscal measures} as integer,",
				"          {E4_International support} as integer,",
				"          {H1_Public information campaigns} as integer,",
				"          H1_Flag as integer,",
				"          {H2_Testing policy} as integer,",
				"          {H3_Contact tracing} as integer,",
				"          {H4_Emergency investment in healthcare} as integer,",
				"          {H5_Investment in vaccines} as integer,",
				"          {H6_Facial Coverings} as integer,",
				"          H6_Flag as integer,",
				"          {H7_Vaccination policy} as integer,",
				"          H7_Flag as integer,",
				"          {H8_Protection of elderly people} as integer,",
				"          H8_Flag as integer,",
				"          M1_Wildcard as integer,",
				"          StringencyIndex as integer,",
				"          StringencyIndexForDisplay as integer,",
				"          StringencyLegacyIndex as integer,",
				"          StringencyLegacyIndexForDisplay as integer,",
				"          GovernmentResponseIndex as integer,",
				"          GovernmentResponseIndexForDisplay as integer,",
				"          ContainmentHealthIndex as integer,",
				"          ContainmentHealthIndexForDisplay as integer,",
				"          EconomicSupportIndex as integer,",
				"          EconomicSupportIndexForDisplay as integer,",
				"          id as string,",
				"          {_rid} as string,",
				"          {_self} as string,",
				"          {_etag} as string,",
				"          {_attachments} as string,",
				"          {_ts} as integer",
				"     ),",
				"     allowSchemaDrift: true,",
				"     validateSchema: false,",
				"     ignoreNoFilesFound: false,",
				"     documentForm: 'documentPerLine') ~> cosmosDBJSON",
				"source(output(",
				"          Country as string,",
				"          CountryCode as string,",
				"          Latitude as decimal(10,5),",
				"          Longitude as decimal(10,5)",
				"     ),",
				"     allowSchemaDrift: true,",
				"     validateSchema: false,",
				"     ignoreNoFilesFound: false,",
				"     format: 'parquet') ~> azuresqlCountry",
				"source(output(",
				"          DateKey as integer,",
				"          FullDate as date,",
				"          isWeekDay as boolean,",
				"          DayOfWeek as integer,",
				"          DayOfMonth as integer,",
				"          DayOfQuarter as integer,",
				"          DayOfYear as integer,",
				"          DayName as string,",
				"          WeekOfYear as integer,",
				"          WeekName as string,",
				"          MonthOfYear as integer,",
				"          MonthName as string,",
				"          CalendarQuarter as integer,",
				"          CalendarQuarterName as string,",
				"          CalendarYear as integer,",
				"          FiscalMonth as integer,",
				"          FiscalMonthName as string,",
				"          FiscalQuarter as integer,",
				"          FiscalQuarterName as string,",
				"          FiscalYear as integer",
				"     ),",
				"     allowSchemaDrift: true,",
				"     validateSchema: false,",
				"     ignoreNoFilesFound: false,",
				"     format: 'parquet') ~> azuresqlDates",
				"azuresqlMetrics, sqlserverMetrics union(byName: true)~> union",
				"union select(mapColumn(",
				"          ID,",
				"          Updated,",
				"          Confirmed,",
				"          Confirmed_Change,",
				"          Country_Region",
				"     ),",
				"     skipDuplicateMapInputs: true,",
				"     skipDuplicateMapOutputs: true) ~> selectCases",
				"cosmosDBJSON select(mapColumn(",
				"          CountryName,",
				"          CountryCode,",
				"          RegionName,",
				"          RegionCode,",
				"          Jurisdiction,",
				"          Date,",
				"          {C1_School closing},",
				"          C1_Flag,",
				"          {C2_Workplace closing},",
				"          C2_Flag,",
				"          {C3_Cancel public events},",
				"          C3_Flag,",
				"          {C4_Restrictions on gatherings},",
				"          C4_Flag,",
				"          {C5_Close public transport},",
				"          C5_Flag,",
				"          {C6_Stay at home requirements},",
				"          C6_Flag,",
				"          {C7_Restrictions on internal movement},",
				"          C7_Flag,",
				"          {C8_International travel controls},",
				"          {E1_Income support},",
				"          E1_Flag,",
				"          {E2_Debt contract relief},",
				"          {E3_Fiscal measures},",
				"          {E4_International support},",
				"          {H1_Public information campaigns},",
				"          H1_Flag,",
				"          {H2_Testing policy},",
				"          {H3_Contact tracing},",
				"          {H4_Emergency investment in healthcare},",
				"          {H5_Investment in vaccines},",
				"          {H6_Facial Coverings},",
				"          H6_Flag,",
				"          {H7_Vaccination policy},",
				"          H7_Flag,",
				"          {H8_Protection of elderly people},",
				"          H8_Flag,",
				"          M1_Wildcard,",
				"          StringencyIndex,",
				"          StringencyIndexForDisplay,",
				"          StringencyLegacyIndex,",
				"          StringencyLegacyIndexForDisplay,",
				"          GovernmentResponseIndex,",
				"          GovernmentResponseIndexForDisplay,",
				"          ContainmentHealthIndex,",
				"          ContainmentHealthIndexForDisplay,",
				"          EconomicSupportIndex,",
				"          EconomicSupportIndexForDisplay,",
				"          id,",
				"          {_rid},",
				"          {_self},",
				"          {_etag},",
				"          {_attachments},",
				"          {_ts}",
				"     ),",
				"     skipDuplicateMapInputs: true,",
				"     skipDuplicateMapOutputs: true) ~> selectPolicies",
				"selectPolicies cast(output(",
				"          Date as date",
				"     ),",
				"     errors: true) ~> dateToDate",
				"union select(mapColumn(",
				"          ID,",
				"          Updated,",
				"          Deaths,",
				"          Deaths_Change,",
				"          Country_Region",
				"     ),",
				"     skipDuplicateMapInputs: true,",
				"     skipDuplicateMapOutputs: true) ~> selectDeaths",
				"union select(mapColumn(",
				"          ID,",
				"          Updated,",
				"          Recovered,",
				"          Recovered_Change,",
				"          Country_Region",
				"     ),",
				"     skipDuplicateMapInputs: true,",
				"     skipDuplicateMapOutputs: true) ~> selectRecoveries",
				"azuresqlCountry select(mapColumn(",
				"          Country,",
				"          CountryCode,",
				"          Latitude,",
				"          Longitude",
				"     ),",
				"     skipDuplicateMapInputs: true,",
				"     skipDuplicateMapOutputs: true) ~> selectGeography",
				"azuresqlDates select(mapColumn(",
				"          DateKey,",
				"          FullDate,",
				"          isWeekDay,",
				"          DayOfWeek,",
				"          DayOfMonth,",
				"          DayOfQuarter,",
				"          DayOfYear,",
				"          DayName,",
				"          WeekOfYear,",
				"          WeekName,",
				"          MonthOfYear,",
				"          MonthName,",
				"          CalendarQuarter,",
				"          CalendarQuarterName,",
				"          CalendarYear,",
				"          FiscalMonth,",
				"          FiscalMonthName,",
				"          FiscalQuarter,",
				"          FiscalQuarterName,",
				"          FiscalYear",
				"     ),",
				"     skipDuplicateMapInputs: true,",
				"     skipDuplicateMapOutputs: true) ~> selectDates",
				"selectCases sink(allowSchemaDrift: true,",
				"     validateSchema: false,",
				"     format: 'parquet',",
				"     partitionFileNames:['Cases.parquet'],",
				"     umask: 0022,",
				"     preCommands: [],",
				"     postCommands: [],",
				"     skipDuplicateMapInputs: true,",
				"     skipDuplicateMapOutputs: true,",
				"     partitionBy('hash', 1)) ~> Cases",
				"dateToDate sink(allowSchemaDrift: true,",
				"     validateSchema: false,",
				"     format: 'parquet',",
				"     partitionFileNames:['Policies.parquet'],",
				"     umask: 0022,",
				"     preCommands: [],",
				"     postCommands: [],",
				"     skipDuplicateMapInputs: true,",
				"     skipDuplicateMapOutputs: true,",
				"     mapColumn(",
				"          CountryName,",
				"          CountryCode,",
				"          RegionName,",
				"          RegionCode,",
				"          Jurisdiction,",
				"          Date,",
				"          C1_Schoolclosing = {C1_School closing},",
				"          C1_Flag,",
				"          C2_Workplaceclosing = {C2_Workplace closing},",
				"          C2_Flag,",
				"          C3_Cancelpublicevents = {C3_Cancel public events},",
				"          C3_Flag,",
				"          C4_Restrictionsongatherings = {C4_Restrictions on gatherings},",
				"          C4_Flag,",
				"          C5_Closepublictransport = {C5_Close public transport},",
				"          C5_Flag,",
				"          C6_Stayathomerequirements = {C6_Stay at home requirements},",
				"          C6_Flag,",
				"          C7_Restrictionsoninternalmovement = {C7_Restrictions on internal movement},",
				"          C7_Flag,",
				"          C8_Internationaltravelcontrols = {C8_International travel controls},",
				"          E1_Incomesupport = {E1_Income support},",
				"          E1_Flag,",
				"          E2_Debtcontractrelief = {E2_Debt contract relief},",
				"          E3_Fiscalmeasures = {E3_Fiscal measures},",
				"          E4_Internationalsupport = {E4_International support},",
				"          H1_Publicinformationcampaigns = {H1_Public information campaigns},",
				"          H1_Flag,",
				"          H2_Testingpolicy = {H2_Testing policy},",
				"          H3_Contacttracing = {H3_Contact tracing},",
				"          H4_Emergencyinvestmentinhealthcare = {H4_Emergency investment in healthcare},",
				"          H5_Investmentinvaccines = {H5_Investment in vaccines},",
				"          H6_FacialCoverings = {H6_Facial Coverings},",
				"          H6_Flag,",
				"          H7_Vaccinationpolicy = {H7_Vaccination policy},",
				"          H7_Flag,",
				"          H8_Protectionofelderlypeople = {H8_Protection of elderly people},",
				"          H8_Flag,",
				"          M1_Wildcard,",
				"          StringencyIndex,",
				"          StringencyIndexForDisplay,",
				"          StringencyLegacyIndex,",
				"          StringencyLegacyIndexForDisplay,",
				"          GovernmentResponseIndex,",
				"          GovernmentResponseIndexForDisplay,",
				"          ContainmentHealthIndex,",
				"          ContainmentHealthIndexForDisplay,",
				"          EconomicSupportIndex,",
				"          EconomicSupportIndexForDisplay,",
				"          id,",
				"          {_rid},",
				"          {_self},",
				"          {_etag},",
				"          {_attachments},",
				"          {_ts}",
				"     ),",
				"     partitionBy('hash', 1)) ~> policiesParquet",
				"selectRecoveries sink(allowSchemaDrift: true,",
				"     validateSchema: false,",
				"     format: 'parquet',",
				"     partitionFileNames:['Recoveries.parquet'],",
				"     umask: 0022,",
				"     preCommands: [],",
				"     postCommands: [],",
				"     skipDuplicateMapInputs: true,",
				"     skipDuplicateMapOutputs: true,",
				"     partitionBy('hash', 1)) ~> Recoveries",
				"selectDeaths sink(allowSchemaDrift: true,",
				"     validateSchema: false,",
				"     format: 'parquet',",
				"     partitionFileNames:['Deaths.parquet'],",
				"     umask: 0022,",
				"     preCommands: [],",
				"     postCommands: [],",
				"     skipDuplicateMapInputs: true,",
				"     skipDuplicateMapOutputs: true,",
				"     partitionBy('hash', 1)) ~> Deaths",
				"selectGeography sink(allowSchemaDrift: true,",
				"     validateSchema: false,",
				"     format: 'parquet',",
				"     partitionFileNames:['Geography.parquet'],",
				"     umask: 0022,",
				"     preCommands: [],",
				"     postCommands: [],",
				"     skipDuplicateMapInputs: true,",
				"     skipDuplicateMapOutputs: true,",
				"     partitionBy('hash', 1)) ~> geographyParquet",
				"selectDates sink(allowSchemaDrift: true,",
				"     validateSchema: false,",
				"     format: 'parquet',",
				"     partitionFileNames:['Dates.parquet'],",
				"     umask: 0022,",
				"     preCommands: [],",
				"     postCommands: [],",
				"     skipDuplicateMapInputs: true,",
				"     skipDuplicateMapOutputs: true,",
				"     partitionBy('hash', 1)) ~> datesParquet"
			]
		}
	}
}