{
	"name": "SQLServer",
	"properties": {
		"activities": [
			{
				"name": "Country",
				"type": "Copy",
				"dependsOn": [],
				"policy": {
					"timeout": "0.12:00:00",
					"retry": 0,
					"retryIntervalInSeconds": 30,
					"secureOutput": false,
					"secureInput": false
				},
				"userProperties": [],
				"typeProperties": {
					"source": {
						"type": "SqlServerSource",
						"queryTimeout": "02:00:00",
						"partitionOption": "None"
					},
					"sink": {
						"type": "ParquetSink",
						"storeSettings": {
							"type": "AzureBlobFSWriteSettings"
						},
						"formatSettings": {
							"type": "ParquetWriteSettings"
						}
					},
					"enableStaging": false,
					"translator": {
						"type": "TabularTranslator",
						"mappings": [
							{
								"source": {
									"name": "Country",
									"type": "String",
									"physicalType": "varchar"
								},
								"sink": {
									"name": "Country",
									"type": "String",
									"physicalType": "UTF8"
								}
							},
							{
								"source": {
									"name": "CountryCode",
									"type": "String",
									"physicalType": "varchar"
								},
								"sink": {
									"name": "CountryCode",
									"type": "String",
									"physicalType": "UTF8"
								}
							},
							{
								"source": {
									"name": "Latitude",
									"type": "Decimal",
									"physicalType": "decimal",
									"scale": 5,
									"precision": 10
								},
								"sink": {
									"name": "Latitude",
									"type": "Decimal",
									"physicalType": "DECIMAL"
								}
							},
							{
								"source": {
									"name": "Longitude",
									"type": "Decimal",
									"physicalType": "decimal",
									"scale": 5,
									"precision": 10
								},
								"sink": {
									"name": "Longitude",
									"type": "Decimal",
									"physicalType": "DECIMAL"
								}
							}
						],
						"typeConversion": true,
						"typeConversionSettings": {
							"allowDataTruncation": true,
							"treatBooleanAsNumber": false
						}
					}
				},
				"inputs": [
					{
						"referenceName": "SQLServerCountry",
						"type": "DatasetReference"
					}
				],
				"outputs": [
					{
						"referenceName": "SQLServerPARQUET",
						"type": "DatasetReference"
					}
				]
			},
			{
				"name": "Dates",
				"type": "Copy",
				"dependsOn": [],
				"policy": {
					"timeout": "0.12:00:00",
					"retry": 0,
					"retryIntervalInSeconds": 30,
					"secureOutput": false,
					"secureInput": false
				},
				"userProperties": [],
				"typeProperties": {
					"source": {
						"type": "SqlServerSource",
						"queryTimeout": "02:00:00",
						"partitionOption": "None"
					},
					"sink": {
						"type": "ParquetSink",
						"storeSettings": {
							"type": "AzureBlobFSWriteSettings"
						},
						"formatSettings": {
							"type": "ParquetWriteSettings"
						}
					},
					"enableStaging": false,
					"translator": {
						"type": "TabularTranslator",
						"mappings": [
							{
								"source": {
									"name": "DateKey",
									"type": "Int32",
									"physicalType": "int"
								},
								"sink": {
									"name": "DateKey",
									"type": "Int32",
									"physicalType": "INT_32"
								}
							},
							{
								"source": {
									"name": "FullDate",
									"type": "DateTime",
									"physicalType": "date"
								},
								"sink": {
									"name": "FullDate",
									"type": "DateTime",
									"physicalType": "INT_96"
								}
							},
							{
								"source": {
									"name": "isWeekDay",
									"type": "Boolean",
									"physicalType": "bit"
								},
								"sink": {
									"name": "isWeekDay",
									"type": "Boolean",
									"physicalType": "BOOLEAN"
								}
							},
							{
								"source": {
									"name": "DayOfWeek",
									"type": "Int32",
									"physicalType": "int"
								},
								"sink": {
									"name": "DayOfWeek",
									"type": "Int32",
									"physicalType": "INT_32"
								}
							},
							{
								"source": {
									"name": "DayOfMonth",
									"type": "Int32",
									"physicalType": "int"
								},
								"sink": {
									"name": "DayOfMonth",
									"type": "Int32",
									"physicalType": "INT_32"
								}
							},
							{
								"source": {
									"name": "DayOfQuarter",
									"type": "Int32",
									"physicalType": "int"
								},
								"sink": {
									"name": "DayOfQuarter",
									"type": "Int32",
									"physicalType": "INT_32"
								}
							},
							{
								"source": {
									"name": "DayOfYear",
									"type": "Int32",
									"physicalType": "int"
								},
								"sink": {
									"name": "DayOfYear",
									"type": "Int32",
									"physicalType": "INT_32"
								}
							},
							{
								"source": {
									"name": "DayName",
									"type": "String",
									"physicalType": "varchar"
								},
								"sink": {
									"name": "DayName",
									"type": "String",
									"physicalType": "UTF8"
								}
							},
							{
								"source": {
									"name": "WeekOfYear",
									"type": "Int32",
									"physicalType": "int"
								},
								"sink": {
									"name": "WeekOfYear",
									"type": "Int32",
									"physicalType": "INT_32"
								}
							},
							{
								"source": {
									"name": "WeekName",
									"type": "String",
									"physicalType": "varchar"
								},
								"sink": {
									"name": "WeekName",
									"type": "String",
									"physicalType": "UTF8"
								}
							},
							{
								"source": {
									"name": "MonthOfYear",
									"type": "Int32",
									"physicalType": "int"
								},
								"sink": {
									"name": "MonthOfYear",
									"type": "Int32",
									"physicalType": "INT_32"
								}
							},
							{
								"source": {
									"name": "MonthName",
									"type": "String",
									"physicalType": "varchar"
								},
								"sink": {
									"name": "MonthName",
									"type": "String",
									"physicalType": "UTF8"
								}
							},
							{
								"source": {
									"name": "CalendarQuarter",
									"type": "Int32",
									"physicalType": "int"
								},
								"sink": {
									"name": "CalendarQuarter",
									"type": "Int32",
									"physicalType": "INT_32"
								}
							},
							{
								"source": {
									"name": "CalendarQuarterName",
									"type": "String",
									"physicalType": "varchar"
								},
								"sink": {
									"name": "CalendarQuarterName",
									"type": "String",
									"physicalType": "UTF8"
								}
							},
							{
								"source": {
									"name": "CalendarYear",
									"type": "Int32",
									"physicalType": "int"
								},
								"sink": {
									"name": "CalendarYear",
									"type": "Int32",
									"physicalType": "INT_32"
								}
							},
							{
								"source": {
									"name": "FiscalMonth",
									"type": "Int32",
									"physicalType": "int"
								},
								"sink": {
									"name": "FiscalMonth",
									"type": "Int32",
									"physicalType": "INT_32"
								}
							},
							{
								"source": {
									"name": "FiscalMonthName",
									"type": "String",
									"physicalType": "varchar"
								},
								"sink": {
									"name": "FiscalMonthName",
									"type": "String",
									"physicalType": "UTF8"
								}
							},
							{
								"source": {
									"name": "FiscalQuarter",
									"type": "Int32",
									"physicalType": "int"
								},
								"sink": {
									"name": "FiscalQuarter",
									"type": "Int32",
									"physicalType": "INT_32"
								}
							},
							{
								"source": {
									"name": "FiscalQuarterName",
									"type": "String",
									"physicalType": "varchar"
								},
								"sink": {
									"name": "FiscalQuarterName",
									"type": "String",
									"physicalType": "UTF8"
								}
							},
							{
								"source": {
									"name": "FiscalYear",
									"type": "Int32",
									"physicalType": "int"
								},
								"sink": {
									"name": "FiscalYear",
									"type": "Int32",
									"physicalType": "INT_32"
								}
							}
						],
						"typeConversion": true,
						"typeConversionSettings": {
							"allowDataTruncation": true,
							"treatBooleanAsNumber": false
						}
					}
				},
				"inputs": [
					{
						"referenceName": "SQLServerDates",
						"type": "DatasetReference"
					}
				],
				"outputs": [
					{
						"referenceName": "SQLServerPARQUET",
						"type": "DatasetReference"
					}
				]
			},
			{
				"name": "Metrics",
				"type": "Copy",
				"dependsOn": [],
				"policy": {
					"timeout": "0.12:00:00",
					"retry": 0,
					"retryIntervalInSeconds": 30,
					"secureOutput": false,
					"secureInput": false
				},
				"userProperties": [],
				"typeProperties": {
					"source": {
						"type": "SqlServerSource",
						"queryTimeout": "02:00:00",
						"partitionOption": "None"
					},
					"sink": {
						"type": "ParquetSink",
						"storeSettings": {
							"type": "AzureBlobFSWriteSettings"
						},
						"formatSettings": {
							"type": "ParquetWriteSettings"
						}
					},
					"enableStaging": false,
					"translator": {
						"type": "TabularTranslator",
						"mappings": [
							{
								"source": {
									"name": "ID",
									"type": "Int32",
									"physicalType": "int"
								},
								"sink": {
									"name": "ID",
									"type": "Int32",
									"physicalType": "INT_32"
								}
							},
							{
								"source": {
									"name": "Updated",
									"type": "DateTime",
									"physicalType": "date"
								},
								"sink": {
									"name": "Updated",
									"type": "DateTime",
									"physicalType": "INT_96"
								}
							},
							{
								"source": {
									"name": "Confirmed",
									"type": "Int32",
									"physicalType": "int"
								},
								"sink": {
									"name": "Confirmed",
									"type": "Int32",
									"physicalType": "INT_32"
								}
							},
							{
								"source": {
									"name": "Confirmed_Change",
									"type": "Int32",
									"physicalType": "int"
								},
								"sink": {
									"name": "Confirmed_Change",
									"type": "Int32",
									"physicalType": "INT_32"
								}
							},
							{
								"source": {
									"name": "Deaths",
									"type": "Int32",
									"physicalType": "int"
								},
								"sink": {
									"name": "Deaths",
									"type": "Int32",
									"physicalType": "INT_32"
								}
							},
							{
								"source": {
									"name": "Deaths_Change",
									"type": "Int32",
									"physicalType": "int"
								},
								"sink": {
									"name": "Deaths_Change",
									"type": "Int32",
									"physicalType": "INT_32"
								}
							},
							{
								"source": {
									"name": "Recovered",
									"type": "Int32",
									"physicalType": "int"
								},
								"sink": {
									"name": "Recovered",
									"type": "Int32",
									"physicalType": "INT_32"
								}
							},
							{
								"source": {
									"name": "Recovered_Change",
									"type": "Int32",
									"physicalType": "int"
								},
								"sink": {
									"name": "Recovered_Change",
									"type": "Int32",
									"physicalType": "INT_32"
								}
							},
							{
								"source": {
									"name": "Latitude",
									"type": "Decimal",
									"physicalType": "decimal",
									"scale": 5,
									"precision": 10
								},
								"sink": {
									"name": "Latitude",
									"type": "Decimal",
									"physicalType": "DECIMAL"
								}
							},
							{
								"source": {
									"name": "Longitude",
									"type": "Decimal",
									"physicalType": "decimal",
									"scale": 5,
									"precision": 10
								},
								"sink": {
									"name": "Longitude",
									"type": "Decimal",
									"physicalType": "DECIMAL"
								}
							},
							{
								"source": {
									"name": "ISO2",
									"type": "String",
									"physicalType": "varchar"
								},
								"sink": {
									"name": "ISO2",
									"type": "String",
									"physicalType": "UTF8"
								}
							},
							{
								"source": {
									"name": "ISO3",
									"type": "String",
									"physicalType": "varchar"
								},
								"sink": {
									"name": "ISO3",
									"type": "String",
									"physicalType": "UTF8"
								}
							},
							{
								"source": {
									"name": "Country_Region",
									"type": "String",
									"physicalType": "varchar"
								},
								"sink": {
									"name": "Country_Region",
									"type": "String",
									"physicalType": "UTF8"
								}
							},
							{
								"source": {
									"name": "load_time",
									"type": "DateTime",
									"physicalType": "datetime"
								},
								"sink": {
									"name": "load_time",
									"type": "DateTime",
									"physicalType": "INT_96"
								}
							}
						],
						"typeConversion": true,
						"typeConversionSettings": {
							"allowDataTruncation": true,
							"treatBooleanAsNumber": false
						}
					}
				},
				"inputs": [
					{
						"referenceName": "SQLServerMetrics",
						"type": "DatasetReference"
					}
				],
				"outputs": [
					{
						"referenceName": "SQLServerPARQUET",
						"type": "DatasetReference"
					}
				]
			}
		],
		"annotations": [],
		"lastPublishTime": "2023-04-10T15:38:44Z"
	},
	"type": "Microsoft.DataFactory/factories/pipelines"
}