{
	"name": "Workspace Closing",
	"properties": {
		"content": {
			"query": "SELECT\n    [result].CountryName,\n    MAX([result].C2_Workplaceclosing)\nFROM\n    OPENROWSET(\n        BULK 'https://ds310sa07.dfs.core.windows.net/challenge2/Policies.parquet',\n        FORMAT = 'PARQUET'\n    ) AS [result]\nWHERE\n    [result].CountryName IN (\n        'Canada',\n        'France',\n        'Germany',\n        'Italy',\n        'Japan',\n        'New Zealand',\n        'Russia',\n        'South Korea',\n        'Sweden',\n        'United Kingdom'\n    )\nGROUP BY\n    [result].CountryName\nORDER BY\n    [result].CountryName\n",
			"metadata": {
				"language": "sql"
			},
			"currentConnection": {
				"databaseName": "master",
				"poolName": "Built-in"
			},
			"resultLimit": 5000
		},
		"type": "SqlQuery"
	}
}