{
    "$schema": "https://schema.management.azure.com/schemas/2019-04-01/deploymentTemplate.json#",
    "contentVersion": "1.0.0.0",
    "parameters": {
        "vulnerabilityAssessments_Default_storageContainerPath": {
            "type": "SecureString"
        },
        "vulnerabilityAssessments_Default_storageContainerPath_1": {
            "type": "SecureString"
        },
        "virtualMachines_covid19_name": {
            "defaultValue": "covid19",
            "type": "String"
        },
        "storageAccounts_ds310sa07_name": {
            "defaultValue": "ds310sa07",
            "type": "String"
        },
        "virtualNetworks_covid19_VNet_name": {
            "defaultValue": "covid19-VNet",
            "type": "String"
        },
        "networkInterfaces_covid19_NIC_name": {
            "defaultValue": "covid19-NIC",
            "type": "String"
        },
        "publicIPAddresses_covid19_PIP_name": {
            "defaultValue": "covid19-PIP",
            "type": "String"
        },
        "networkSecurityGroups_covid19_NSG_name": {
            "defaultValue": "covid19-NSG",
            "type": "String"
        },
        "servers_covid19_sqlserver_rp553ihca7bom_name": {
            "defaultValue": "covid19-sqlserver-rp553ihca7bom",
            "type": "String"
        },
        "sqlVirtualMachines_covid19_name": {
            "defaultValue": "covid19",
            "type": "String"
        },
        "storageAccounts_covid19rp553ihca7bom_name": {
            "defaultValue": "covid19rp553ihca7bom",
            "type": "String"
        },
        "schedules_shutdown_computevm_covid19_name": {
            "defaultValue": "shutdown-computevm-covid19",
            "type": "String"
        },
        "workspaces_covid19_synapse_rp553ihca7bom_name": {
            "defaultValue": "covid19-synapse-rp553ihca7bom",
            "type": "String"
        },
        "databaseAccounts_covid19_cosmosdb_rp553ihca7bom_name": {
            "defaultValue": "covid19-cosmosdb-rp553ihca7bom",
            "type": "String"
        }
    },
    "variables": {},
    "resources": [
        {
            "type": "Microsoft.DocumentDB/databaseAccounts",
            "apiVersion": "2023-04-15",
            "name": "[parameters('databaseAccounts_covid19_cosmosdb_rp553ihca7bom_name')]",
            "location": "East US 2",
            "kind": "GlobalDocumentDB",
            "identity": {
                "type": "None"
            },
            "properties": {
                "publicNetworkAccess": "Enabled",
                "enableAutomaticFailover": false,
                "enableMultipleWriteLocations": false,
                "isVirtualNetworkFilterEnabled": false,
                "virtualNetworkRules": [],
                "disableKeyBasedMetadataWriteAccess": false,
                "enableFreeTier": false,
                "enableAnalyticalStorage": false,
                "analyticalStorageConfiguration": {
                    "schemaType": "WellDefined"
                },
                "databaseAccountOfferType": "Standard",
                "defaultIdentity": "FirstPartyIdentity",
                "networkAclBypass": "None",
                "disableLocalAuth": false,
                "enablePartitionMerge": false,
                "minimalTlsVersion": "Tls",
                "consistencyPolicy": {
                    "defaultConsistencyLevel": "Session",
                    "maxIntervalInSeconds": 5,
                    "maxStalenessPrefix": 100
                },
                "locations": [
                    {
                        "locationName": "East US 2",
                        "provisioningState": "Succeeded",
                        "failoverPriority": 0,
                        "isZoneRedundant": false
                    }
                ],
                "cors": [],
                "capabilities": [],
                "ipRules": [],
                "backupPolicy": {
                    "type": "Periodic",
                    "periodicModeProperties": {
                        "backupIntervalInMinutes": 240,
                        "backupRetentionIntervalInHours": 8,
                        "backupStorageRedundancy": "Geo"
                    }
                },
                "networkAclBypassResourceIds": [],
                "keysMetadata": {}
            }
        },
        {
            "type": "Microsoft.Network/publicIPAddresses",
            "apiVersion": "2022-11-01",
            "name": "[parameters('publicIPAddresses_covid19_PIP_name')]",
            "location": "eastus2",
            "sku": {
                "name": "Basic",
                "tier": "Regional"
            },
            "properties": {
                "ipAddress": "20.7.179.99",
                "publicIPAddressVersion": "IPv4",
                "publicIPAllocationMethod": "Static",
                "idleTimeoutInMinutes": 4,
                "ipTags": []
            }
        },
        {
            "type": "Microsoft.Sql/servers",
            "apiVersion": "2022-08-01-preview",
            "name": "[parameters('servers_covid19_sqlserver_rp553ihca7bom_name')]",
            "location": "eastus2",
            "tags": {
                "displayName": "covid19-sqlserver"
            },
            "kind": "v12.0",
            "properties": {
                "administratorLogin": "sqladmin",
                "version": "12.0",
                "publicNetworkAccess": "Enabled",
                "restrictOutboundNetworkAccess": "Disabled"
            }
        },
        {
            "type": "Microsoft.Storage/storageAccounts",
            "apiVersion": "2022-09-01",
            "name": "[parameters('storageAccounts_covid19rp553ihca7bom_name')]",
            "location": "eastus2",
            "tags": {
                "Type": "Synapse Data Lake Storage",
                "Created with": "Synapse Azure Resource Manager deploment template"
            },
            "sku": {
                "name": "Standard_RAGRS",
                "tier": "Standard"
            },
            "kind": "StorageV2",
            "properties": {
                "minimumTlsVersion": "TLS1_0",
                "allowBlobPublicAccess": true,
                "isHnsEnabled": true,
                "networkAcls": {
                    "bypass": "AzureServices",
                    "virtualNetworkRules": [],
                    "ipRules": [],
                    "defaultAction": "Allow"
                },
                "supportsHttpsTrafficOnly": true,
                "encryption": {
                    "services": {
                        "file": {
                            "keyType": "Account",
                            "enabled": true
                        },
                        "blob": {
                            "keyType": "Account",
                            "enabled": true
                        }
                    },
                    "keySource": "Microsoft.Storage"
                },
                "accessTier": "Hot"
            }
        },
        {
            "type": "Microsoft.Storage/storageAccounts",
            "apiVersion": "2022-09-01",
            "name": "[parameters('storageAccounts_ds310sa07_name')]",
            "location": "eastus2",
            "sku": {
                "name": "Standard_LRS",
                "tier": "Standard"
            },
            "kind": "StorageV2",
            "properties": {
                "dnsEndpointType": "Standard",
                "defaultToOAuthAuthentication": false,
                "publicNetworkAccess": "Enabled",
                "allowCrossTenantReplication": false,
                "isSftpEnabled": false,
                "minimumTlsVersion": "TLS1_2",
                "allowBlobPublicAccess": true,
                "allowSharedKeyAccess": true,
                "isHnsEnabled": true,
                "networkAcls": {
                    "bypass": "AzureServices",
                    "virtualNetworkRules": [],
                    "ipRules": [],
                    "defaultAction": "Allow"
                },
                "supportsHttpsTrafficOnly": true,
                "encryption": {
                    "requireInfrastructureEncryption": false,
                    "services": {
                        "file": {
                            "keyType": "Account",
                            "enabled": true
                        },
                        "blob": {
                            "keyType": "Account",
                            "enabled": true
                        }
                    },
                    "keySource": "Microsoft.Storage"
                },
                "accessTier": "Hot"
            }
        },
        {
            "type": "Microsoft.Synapse/workspaces",
            "apiVersion": "2021-06-01",
            "name": "[parameters('workspaces_covid19_synapse_rp553ihca7bom_name')]",
            "location": "eastus2",
            "tags": {
                "Created with": "Synapse Azure Resource Manager deploment template"
            },
            "identity": {
                "type": "SystemAssigned"
            },
            "properties": {
                "defaultDataLakeStorage": {
                    "createManagedPrivateEndpoint": false,
                    "accountUrl": "https://covid19rp553ihca7bom.dfs.core.windows.net",
                    "filesystem": "workspace"
                },
                "encryption": {},
                "managedResourceGroupName": "synapseworkspace-managedrg-7ca91197-3dd0-4193-ac91-6cb32138396c",
                "sqlAdministratorLogin": "sqladmin",
                "privateEndpointConnections": [],
                "workspaceRepositoryConfiguration": {
                    "accountName": "dk-davidekim",
                    "collaborationBranch": "main",
                    "lastCommitId": "3a22ebbb3cfda660244938f8ae8df79d2e267df9",
                    "repositoryName": "BU-DS310-07-Azure-Synapse",
                    "rootFolder": "/",
                    "type": "WorkspaceGitHubConfiguration"
                },
                "publicNetworkAccess": "Enabled",
                "cspWorkspaceAdminProperties": {
                    "initialWorkspaceAdminObjectId": "f7d695cf-4a81-4b76-a68d-3886c154c076"
                },
                "trustedServiceBypassEnabled": false
            }
        },
        {
            "type": "Microsoft.Compute/virtualMachines",
            "apiVersion": "2023-03-01",
            "name": "[parameters('virtualMachines_covid19_name')]",
            "location": "eastus2",
            "dependsOn": [
                "[resourceId('Microsoft.Network/networkInterfaces', parameters('networkInterfaces_covid19_NIC_name'))]"
            ],
            "properties": {
                "hardwareProfile": {
                    "vmSize": "Standard_D3_v2"
                },
                "storageProfile": {
                    "imageReference": {
                        "publisher": "MicrosoftSQLServer",
                        "offer": "SQL2019-WS2019",
                        "sku": "Standard",
                        "version": "latest"
                    },
                    "osDisk": {
                        "osType": "Windows",
                        "name": "[concat(parameters('virtualMachines_covid19_name'), '_OsDisk_1_5dddaf7a11f2417797cd5258a4518869')]",
                        "createOption": "FromImage",
                        "caching": "ReadWrite",
                        "managedDisk": {
                            "id": "[resourceId('Microsoft.Compute/disks', concat(parameters('virtualMachines_covid19_name'), '_OsDisk_1_5dddaf7a11f2417797cd5258a4518869'))]"
                        },
                        "deleteOption": "Detach"
                    },
                    "dataDisks": [
                        {
                            "lun": 0,
                            "name": "[concat(parameters('virtualMachines_covid19_name'), '_disk2_476e2212e639493b8aa01baa7fc35908')]",
                            "createOption": "Empty",
                            "caching": "ReadOnly",
                            "managedDisk": {
                                "id": "[resourceId('Microsoft.Compute/disks', concat(parameters('virtualMachines_covid19_name'), '_disk2_476e2212e639493b8aa01baa7fc35908'))]"
                            },
                            "deleteOption": "Detach",
                            "toBeDetached": false
                        }
                    ]
                },
                "osProfile": {
                    "computerName": "[parameters('virtualMachines_covid19_name')]",
                    "adminUsername": "vmadmin",
                    "windowsConfiguration": {
                        "provisionVMAgent": true,
                        "enableAutomaticUpdates": true,
                        "patchSettings": {
                            "patchMode": "AutomaticByOS",
                            "assessmentMode": "ImageDefault"
                        },
                        "enableVMAgentPlatformUpdates": false
                    },
                    "secrets": [],
                    "allowExtensionOperations": true
                },
                "networkProfile": {
                    "networkInterfaces": [
                        {
                            "id": "[resourceId('Microsoft.Network/networkInterfaces', parameters('networkInterfaces_covid19_NIC_name'))]"
                        }
                    ]
                }
            }
        },
        {
            "type": "Microsoft.Compute/virtualMachines/extensions",
            "apiVersion": "2023-03-01",
            "name": "[concat(parameters('virtualMachines_covid19_name'), '/RestoreDB')]",
            "location": "eastus2",
            "dependsOn": [
                "[resourceId('Microsoft.Compute/virtualMachines', parameters('virtualMachines_covid19_name'))]"
            ],
            "tags": {
                "displayName": "RestoreDB"
            },
            "properties": {
                "autoUpgradeMinorVersion": true,
                "publisher": "Microsoft.Compute",
                "type": "CustomScriptExtension",
                "typeHandlerVersion": "1.9",
                "settings": {
                    "fileUris": [
                        "https://raw.githubusercontent.com/microsoft/WhatTheHack/master/038-MDWCovid19/Coach/LabDeployment/deploy/Scripts/DeploySQLVM.ps1",
                        "https://raw.githubusercontent.com/microsoft/WhatTheHack/master/038-MDWCovid19/Coach/LabDeployment/deploy/Scripts/DeployCosmosDB.ps1",
                        "https://raw.githubusercontent.com/microsoft/WhatTheHack/master/038-MDWCovid19/Coach/LabDeployment/deploy/Scripts/DisableIEESC.ps1",
                        "https://raw.githubusercontent.com/microsoft/WhatTheHack/master/038-MDWCovid19/Coach/LabDeployment/deploy/Scripts/SqlVMExtensionDriver.ps1"
                    ],
                    "commandToExecute": "powershell -ExecutionPolicy Unrestricted -File ./SqlVMExtensionDriver.ps1 covid19-sqlserver-rp553ihca7bom covid19 https://raw.githubusercontent.com/microsoft/WhatTheHack/master/038-MDWCovid19/Coach/LabDeployment/ covid19.bacpac covid19.bak sqladmin \"BUPwd12!?\" AccountEndpoint=https://covid19-cosmosdb-rp553ihca7bom.documents.azure.com:443/;AccountKey=tGJthQDC2uwvFONBjXEuoinjFHaAjkghNo3oVFvKyxPF38koqIcqaJ7ZD1FfN2JloYxpVQz805LgACDba43vrw==; covid19"
                },
                "protectedSettings": {}
            }
        },
        {
            "type": "microsoft.devtestlab/schedules",
            "apiVersion": "2018-09-15",
            "name": "[parameters('schedules_shutdown_computevm_covid19_name')]",
            "location": "eastus2",
            "dependsOn": [
                "[resourceId('Microsoft.Compute/virtualMachines', parameters('virtualMachines_covid19_name'))]"
            ],
            "properties": {
                "status": "Disabled",
                "taskType": "ComputeVmShutdownTask",
                "dailyRecurrence": {
                    "time": "0000"
                },
                "timeZoneId": "Eastern Standard Time",
                "notificationSettings": {
                    "status": "Disabled",
                    "timeInMinutes": 30,
                    "notificationLocale": "en"
                },
                "targetResourceId": "[resourceId('Microsoft.Compute/virtualMachines', parameters('virtualMachines_covid19_name'))]"
            }
        },
        {
            "type": "Microsoft.DocumentDB/databaseAccounts/sqlDatabases",
            "apiVersion": "2023-04-15",
            "name": "[concat(parameters('databaseAccounts_covid19_cosmosdb_rp553ihca7bom_name'), '/covid19')]",
            "dependsOn": [
                "[resourceId('Microsoft.DocumentDB/databaseAccounts', parameters('databaseAccounts_covid19_cosmosdb_rp553ihca7bom_name'))]"
            ],
            "properties": {
                "resource": {
                    "id": "covid19"
                }
            }
        },
        {
            "type": "Microsoft.DocumentDB/databaseAccounts/sqlRoleDefinitions",
            "apiVersion": "2023-04-15",
            "name": "[concat(parameters('databaseAccounts_covid19_cosmosdb_rp553ihca7bom_name'), '/00000000-0000-0000-0000-000000000001')]",
            "dependsOn": [
                "[resourceId('Microsoft.DocumentDB/databaseAccounts', parameters('databaseAccounts_covid19_cosmosdb_rp553ihca7bom_name'))]"
            ],
            "properties": {
                "roleName": "Cosmos DB Built-in Data Reader",
                "type": "BuiltInRole",
                "assignableScopes": [
                    "[resourceId('Microsoft.DocumentDB/databaseAccounts', parameters('databaseAccounts_covid19_cosmosdb_rp553ihca7bom_name'))]"
                ],
                "permissions": [
                    {
                        "dataActions": [
                            "Microsoft.DocumentDB/databaseAccounts/readMetadata",
                            "Microsoft.DocumentDB/databaseAccounts/sqlDatabases/containers/executeQuery",
                            "Microsoft.DocumentDB/databaseAccounts/sqlDatabases/containers/readChangeFeed",
                            "Microsoft.DocumentDB/databaseAccounts/sqlDatabases/containers/items/read"
                        ],
                        "notDataActions": []
                    }
                ]
            }
        },
        {
            "type": "Microsoft.DocumentDB/databaseAccounts/sqlRoleDefinitions",
            "apiVersion": "2023-04-15",
            "name": "[concat(parameters('databaseAccounts_covid19_cosmosdb_rp553ihca7bom_name'), '/00000000-0000-0000-0000-000000000002')]",
            "dependsOn": [
                "[resourceId('Microsoft.DocumentDB/databaseAccounts', parameters('databaseAccounts_covid19_cosmosdb_rp553ihca7bom_name'))]"
            ],
            "properties": {
                "roleName": "Cosmos DB Built-in Data Contributor",
                "type": "BuiltInRole",
                "assignableScopes": [
                    "[resourceId('Microsoft.DocumentDB/databaseAccounts', parameters('databaseAccounts_covid19_cosmosdb_rp553ihca7bom_name'))]"
                ],
                "permissions": [
                    {
                        "dataActions": [
                            "Microsoft.DocumentDB/databaseAccounts/readMetadata",
                            "Microsoft.DocumentDB/databaseAccounts/sqlDatabases/containers/*",
                            "Microsoft.DocumentDB/databaseAccounts/sqlDatabases/containers/items/*"
                        ],
                        "notDataActions": []
                    }
                ]
            }
        },
        {
            "type": "Microsoft.Network/networkSecurityGroups",
            "apiVersion": "2022-11-01",
            "name": "[parameters('networkSecurityGroups_covid19_NSG_name')]",
            "location": "eastus2",
            "dependsOn": [
                "[resourceId('Microsoft.Network/networkSecurityGroups/securityRules', parameters('networkSecurityGroups_covid19_NSG_name'), 'RDP')]"
            ],
            "properties": {
                "securityRules": [
                    {
                        "name": "RDP",
                        "id": "[resourceId('Microsoft.Network/networkSecurityGroups/securityRules', parameters('networkSecurityGroups_covid19_NSG_name'), 'RDP')]",
                        "type": "Microsoft.Network/networkSecurityGroups/securityRules",
                        "properties": {
                            "protocol": "TCP",
                            "sourcePortRange": "*",
                            "destinationPortRange": "3100",
                            "sourceAddressPrefix": "*",
                            "destinationAddressPrefix": "*",
                            "access": "Allow",
                            "priority": 300,
                            "direction": "Inbound",
                            "sourcePortRanges": [],
                            "destinationPortRanges": [],
                            "sourceAddressPrefixes": [],
                            "destinationAddressPrefixes": []
                        }
                    }
                ]
            }
        },
        {
            "type": "Microsoft.Network/networkSecurityGroups/securityRules",
            "apiVersion": "2022-11-01",
            "name": "[concat(parameters('networkSecurityGroups_covid19_NSG_name'), '/RDP')]",
            "dependsOn": [
                "[resourceId('Microsoft.Network/networkSecurityGroups', parameters('networkSecurityGroups_covid19_NSG_name'))]"
            ],
            "properties": {
                "protocol": "TCP",
                "sourcePortRange": "*",
                "destinationPortRange": "3100",
                "sourceAddressPrefix": "*",
                "destinationAddressPrefix": "*",
                "access": "Allow",
                "priority": 300,
                "direction": "Inbound",
                "sourcePortRanges": [],
                "destinationPortRanges": [],
                "sourceAddressPrefixes": [],
                "destinationAddressPrefixes": []
            }
        },
        {
            "type": "Microsoft.Network/virtualNetworks",
            "apiVersion": "2022-11-01",
            "name": "[parameters('virtualNetworks_covid19_VNet_name')]",
            "location": "eastus2",
            "dependsOn": [
                "[resourceId('Microsoft.Network/virtualNetworks/subnets', parameters('virtualNetworks_covid19_VNet_name'), 'default')]"
            ],
            "properties": {
                "addressSpace": {
                    "addressPrefixes": [
                        "10.0.0.0/24"
                    ]
                },
                "subnets": [
                    {
                        "name": "default",
                        "id": "[resourceId('Microsoft.Network/virtualNetworks/subnets', parameters('virtualNetworks_covid19_VNet_name'), 'default')]",
                        "properties": {
                            "addressPrefix": "10.0.0.0/24",
                            "delegations": [],
                            "privateEndpointNetworkPolicies": "Disabled",
                            "privateLinkServiceNetworkPolicies": "Enabled"
                        },
                        "type": "Microsoft.Network/virtualNetworks/subnets"
                    }
                ],
                "virtualNetworkPeerings": [],
                "enableDdosProtection": false
            }
        },
        {
            "type": "Microsoft.Network/virtualNetworks/subnets",
            "apiVersion": "2022-11-01",
            "name": "[concat(parameters('virtualNetworks_covid19_VNet_name'), '/default')]",
            "dependsOn": [
                "[resourceId('Microsoft.Network/virtualNetworks', parameters('virtualNetworks_covid19_VNet_name'))]"
            ],
            "properties": {
                "addressPrefix": "10.0.0.0/24",
                "delegations": [],
                "privateEndpointNetworkPolicies": "Disabled",
                "privateLinkServiceNetworkPolicies": "Enabled"
            }
        },
        {
            "type": "Microsoft.Sql/servers/advancedThreatProtectionSettings",
            "apiVersion": "2022-08-01-preview",
            "name": "[concat(parameters('servers_covid19_sqlserver_rp553ihca7bom_name'), '/Default')]",
            "dependsOn": [
                "[resourceId('Microsoft.Sql/servers', parameters('servers_covid19_sqlserver_rp553ihca7bom_name'))]"
            ],
            "properties": {
                "state": "Disabled"
            }
        },
        {
            "type": "Microsoft.Sql/servers/advisors",
            "apiVersion": "2014-04-01",
            "name": "[concat(parameters('servers_covid19_sqlserver_rp553ihca7bom_name'), '/CreateIndex')]",
            "dependsOn": [
                "[resourceId('Microsoft.Sql/servers', parameters('servers_covid19_sqlserver_rp553ihca7bom_name'))]"
            ],
            "properties": {
                "autoExecuteValue": "Disabled"
            }
        },
        {
            "type": "Microsoft.Sql/servers/advisors",
            "apiVersion": "2014-04-01",
            "name": "[concat(parameters('servers_covid19_sqlserver_rp553ihca7bom_name'), '/DbParameterization')]",
            "dependsOn": [
                "[resourceId('Microsoft.Sql/servers', parameters('servers_covid19_sqlserver_rp553ihca7bom_name'))]"
            ],
            "properties": {
                "autoExecuteValue": "Disabled"
            }
        },
        {
            "type": "Microsoft.Sql/servers/advisors",
            "apiVersion": "2014-04-01",
            "name": "[concat(parameters('servers_covid19_sqlserver_rp553ihca7bom_name'), '/DefragmentIndex')]",
            "dependsOn": [
                "[resourceId('Microsoft.Sql/servers', parameters('servers_covid19_sqlserver_rp553ihca7bom_name'))]"
            ],
            "properties": {
                "autoExecuteValue": "Disabled"
            }
        },
        {
            "type": "Microsoft.Sql/servers/advisors",
            "apiVersion": "2014-04-01",
            "name": "[concat(parameters('servers_covid19_sqlserver_rp553ihca7bom_name'), '/DropIndex')]",
            "dependsOn": [
                "[resourceId('Microsoft.Sql/servers', parameters('servers_covid19_sqlserver_rp553ihca7bom_name'))]"
            ],
            "properties": {
                "autoExecuteValue": "Disabled"
            }
        },
        {
            "type": "Microsoft.Sql/servers/advisors",
            "apiVersion": "2014-04-01",
            "name": "[concat(parameters('servers_covid19_sqlserver_rp553ihca7bom_name'), '/ForceLastGoodPlan')]",
            "dependsOn": [
                "[resourceId('Microsoft.Sql/servers', parameters('servers_covid19_sqlserver_rp553ihca7bom_name'))]"
            ],
            "properties": {
                "autoExecuteValue": "Enabled"
            }
        },
        {
            "type": "Microsoft.Sql/servers/auditingPolicies",
            "apiVersion": "2014-04-01",
            "name": "[concat(parameters('servers_covid19_sqlserver_rp553ihca7bom_name'), '/Default')]",
            "location": "East US 2",
            "dependsOn": [
                "[resourceId('Microsoft.Sql/servers', parameters('servers_covid19_sqlserver_rp553ihca7bom_name'))]"
            ],
            "properties": {
                "auditingState": "Disabled"
            }
        },
        {
            "type": "Microsoft.Sql/servers/auditingSettings",
            "apiVersion": "2022-08-01-preview",
            "name": "[concat(parameters('servers_covid19_sqlserver_rp553ihca7bom_name'), '/Default')]",
            "dependsOn": [
                "[resourceId('Microsoft.Sql/servers', parameters('servers_covid19_sqlserver_rp553ihca7bom_name'))]"
            ],
            "properties": {
                "retentionDays": 0,
                "auditActionsAndGroups": [],
                "isStorageSecondaryKeyInUse": false,
                "isAzureMonitorTargetEnabled": false,
                "isManagedIdentityInUse": false,
                "state": "Disabled",
                "storageAccountSubscriptionId": "00000000-0000-0000-0000-000000000000"
            }
        },
        {
            "type": "Microsoft.Sql/servers/connectionPolicies",
            "apiVersion": "2022-08-01-preview",
            "name": "[concat(parameters('servers_covid19_sqlserver_rp553ihca7bom_name'), '/default')]",
            "location": "eastus2",
            "dependsOn": [
                "[resourceId('Microsoft.Sql/servers', parameters('servers_covid19_sqlserver_rp553ihca7bom_name'))]"
            ],
            "properties": {
                "connectionType": "Default"
            }
        },
        {
            "type": "Microsoft.Sql/servers/databases",
            "apiVersion": "2022-08-01-preview",
            "name": "[concat(parameters('servers_covid19_sqlserver_rp553ihca7bom_name'), '/covid19')]",
            "location": "eastus2",
            "dependsOn": [
                "[resourceId('Microsoft.Sql/servers', parameters('servers_covid19_sqlserver_rp553ihca7bom_name'))]"
            ],
            "tags": {
                "displayName": "covid19"
            },
            "sku": {
                "name": "Standard",
                "tier": "Standard",
                "capacity": 10
            },
            "kind": "v12.0,user",
            "properties": {
                "collation": "SQL_Latin1_General_CP1_CI_AS",
                "maxSizeBytes": 1073741824,
                "catalogCollation": "SQL_Latin1_General_CP1_CI_AS",
                "zoneRedundant": false,
                "readScale": "Disabled",
                "requestedBackupStorageRedundancy": "Local",
                "maintenanceConfigurationId": "/subscriptions/3b608a14-90b7-42d9-82e2-77c947974137/providers/Microsoft.Maintenance/publicMaintenanceConfigurations/SQL_Default",
                "isLedgerOn": false,
                "availabilityZone": "NoPreference"
            }
        },
        {
            "type": "Microsoft.Sql/servers/databases/advancedThreatProtectionSettings",
            "apiVersion": "2022-08-01-preview",
            "name": "[concat(parameters('servers_covid19_sqlserver_rp553ihca7bom_name'), '/master/Default')]",
            "dependsOn": [
                "[resourceId('Microsoft.Sql/servers', parameters('servers_covid19_sqlserver_rp553ihca7bom_name'))]"
            ],
            "properties": {
                "state": "Disabled"
            }
        },
        {
            "type": "Microsoft.Sql/servers/databases/auditingPolicies",
            "apiVersion": "2014-04-01",
            "name": "[concat(parameters('servers_covid19_sqlserver_rp553ihca7bom_name'), '/master/Default')]",
            "location": "East US 2",
            "dependsOn": [
                "[resourceId('Microsoft.Sql/servers', parameters('servers_covid19_sqlserver_rp553ihca7bom_name'))]"
            ],
            "properties": {
                "auditingState": "Disabled"
            }
        },
        {
            "type": "Microsoft.Sql/servers/databases/auditingSettings",
            "apiVersion": "2022-08-01-preview",
            "name": "[concat(parameters('servers_covid19_sqlserver_rp553ihca7bom_name'), '/master/Default')]",
            "dependsOn": [
                "[resourceId('Microsoft.Sql/servers', parameters('servers_covid19_sqlserver_rp553ihca7bom_name'))]"
            ],
            "properties": {
                "retentionDays": 0,
                "isAzureMonitorTargetEnabled": false,
                "state": "Disabled",
                "storageAccountSubscriptionId": "00000000-0000-0000-0000-000000000000"
            }
        },
        {
            "type": "Microsoft.Sql/servers/databases/extendedAuditingSettings",
            "apiVersion": "2022-08-01-preview",
            "name": "[concat(parameters('servers_covid19_sqlserver_rp553ihca7bom_name'), '/master/Default')]",
            "dependsOn": [
                "[resourceId('Microsoft.Sql/servers', parameters('servers_covid19_sqlserver_rp553ihca7bom_name'))]"
            ],
            "properties": {
                "retentionDays": 0,
                "isAzureMonitorTargetEnabled": false,
                "state": "Disabled",
                "storageAccountSubscriptionId": "00000000-0000-0000-0000-000000000000"
            }
        },
        {
            "type": "Microsoft.Sql/servers/databases/geoBackupPolicies",
            "apiVersion": "2022-08-01-preview",
            "name": "[concat(parameters('servers_covid19_sqlserver_rp553ihca7bom_name'), '/master/Default')]",
            "dependsOn": [
                "[resourceId('Microsoft.Sql/servers', parameters('servers_covid19_sqlserver_rp553ihca7bom_name'))]"
            ],
            "properties": {
                "state": "Disabled"
            }
        },
        {
            "type": "Microsoft.Sql/servers/databases/ledgerDigestUploads",
            "apiVersion": "2022-08-01-preview",
            "name": "[concat(parameters('servers_covid19_sqlserver_rp553ihca7bom_name'), '/master/Current')]",
            "dependsOn": [
                "[resourceId('Microsoft.Sql/servers', parameters('servers_covid19_sqlserver_rp553ihca7bom_name'))]"
            ],
            "properties": {}
        },
        {
            "type": "Microsoft.Sql/servers/databases/securityAlertPolicies",
            "apiVersion": "2022-08-01-preview",
            "name": "[concat(parameters('servers_covid19_sqlserver_rp553ihca7bom_name'), '/master/Default')]",
            "dependsOn": [
                "[resourceId('Microsoft.Sql/servers', parameters('servers_covid19_sqlserver_rp553ihca7bom_name'))]"
            ],
            "properties": {
                "state": "Disabled",
                "disabledAlerts": [
                    ""
                ],
                "emailAddresses": [
                    ""
                ],
                "emailAccountAdmins": false,
                "retentionDays": 0
            }
        },
        {
            "type": "Microsoft.Sql/servers/databases/transparentDataEncryption",
            "apiVersion": "2022-08-01-preview",
            "name": "[concat(parameters('servers_covid19_sqlserver_rp553ihca7bom_name'), '/master/Current')]",
            "dependsOn": [
                "[resourceId('Microsoft.Sql/servers', parameters('servers_covid19_sqlserver_rp553ihca7bom_name'))]"
            ],
            "properties": {
                "state": "Disabled"
            }
        },
        {
            "type": "Microsoft.Sql/servers/databases/vulnerabilityAssessments",
            "apiVersion": "2022-08-01-preview",
            "name": "[concat(parameters('servers_covid19_sqlserver_rp553ihca7bom_name'), '/master/Default')]",
            "dependsOn": [
                "[resourceId('Microsoft.Sql/servers', parameters('servers_covid19_sqlserver_rp553ihca7bom_name'))]"
            ],
            "properties": {
                "recurringScans": {
                    "isEnabled": false,
                    "emailSubscriptionAdmins": true
                }
            }
        },
        {
            "type": "Microsoft.Sql/servers/devOpsAuditingSettings",
            "apiVersion": "2022-08-01-preview",
            "name": "[concat(parameters('servers_covid19_sqlserver_rp553ihca7bom_name'), '/Default')]",
            "dependsOn": [
                "[resourceId('Microsoft.Sql/servers', parameters('servers_covid19_sqlserver_rp553ihca7bom_name'))]"
            ],
            "properties": {
                "isAzureMonitorTargetEnabled": false,
                "isManagedIdentityInUse": false,
                "state": "Disabled",
                "storageAccountSubscriptionId": "00000000-0000-0000-0000-000000000000"
            }
        },
        {
            "type": "Microsoft.Sql/servers/encryptionProtector",
            "apiVersion": "2022-08-01-preview",
            "name": "[concat(parameters('servers_covid19_sqlserver_rp553ihca7bom_name'), '/current')]",
            "dependsOn": [
                "[resourceId('Microsoft.Sql/servers', parameters('servers_covid19_sqlserver_rp553ihca7bom_name'))]"
            ],
            "kind": "servicemanaged",
            "properties": {
                "serverKeyName": "ServiceManaged",
                "serverKeyType": "ServiceManaged",
                "autoRotationEnabled": false
            }
        },
        {
            "type": "Microsoft.Sql/servers/extendedAuditingSettings",
            "apiVersion": "2022-08-01-preview",
            "name": "[concat(parameters('servers_covid19_sqlserver_rp553ihca7bom_name'), '/Default')]",
            "dependsOn": [
                "[resourceId('Microsoft.Sql/servers', parameters('servers_covid19_sqlserver_rp553ihca7bom_name'))]"
            ],
            "properties": {
                "retentionDays": 0,
                "auditActionsAndGroups": [],
                "isStorageSecondaryKeyInUse": false,
                "isAzureMonitorTargetEnabled": false,
                "isManagedIdentityInUse": false,
                "state": "Disabled",
                "storageAccountSubscriptionId": "00000000-0000-0000-0000-000000000000"
            }
        },
        {
            "type": "Microsoft.Sql/servers/firewallRules",
            "apiVersion": "2022-08-01-preview",
            "name": "[concat(parameters('servers_covid19_sqlserver_rp553ihca7bom_name'), '/AllowAllWindowsAzureIps')]",
            "dependsOn": [
                "[resourceId('Microsoft.Sql/servers', parameters('servers_covid19_sqlserver_rp553ihca7bom_name'))]"
            ]
        },
        {
            "type": "Microsoft.Sql/servers/firewallRules",
            "apiVersion": "2022-08-01-preview",
            "name": "[concat(parameters('servers_covid19_sqlserver_rp553ihca7bom_name'), '/ClientIPAddress_2023-04-03_03:31:00')]",
            "dependsOn": [
                "[resourceId('Microsoft.Sql/servers', parameters('servers_covid19_sqlserver_rp553ihca7bom_name'))]"
            ]
        },
        {
            "type": "Microsoft.Sql/servers/firewallRules",
            "apiVersion": "2022-08-01-preview",
            "name": "[concat(parameters('servers_covid19_sqlserver_rp553ihca7bom_name'), '/query-editor-4143ff')]",
            "dependsOn": [
                "[resourceId('Microsoft.Sql/servers', parameters('servers_covid19_sqlserver_rp553ihca7bom_name'))]"
            ]
        },
        {
            "type": "Microsoft.Sql/servers/firewallRules",
            "apiVersion": "2022-08-01-preview",
            "name": "[concat(parameters('servers_covid19_sqlserver_rp553ihca7bom_name'), '/query-editor-dda13f')]",
            "dependsOn": [
                "[resourceId('Microsoft.Sql/servers', parameters('servers_covid19_sqlserver_rp553ihca7bom_name'))]"
            ]
        },
        {
            "type": "Microsoft.Sql/servers/keys",
            "apiVersion": "2022-08-01-preview",
            "name": "[concat(parameters('servers_covid19_sqlserver_rp553ihca7bom_name'), '/ServiceManaged')]",
            "dependsOn": [
                "[resourceId('Microsoft.Sql/servers', parameters('servers_covid19_sqlserver_rp553ihca7bom_name'))]"
            ],
            "kind": "servicemanaged",
            "properties": {
                "serverKeyType": "ServiceManaged"
            }
        },
        {
            "type": "Microsoft.Sql/servers/securityAlertPolicies",
            "apiVersion": "2022-08-01-preview",
            "name": "[concat(parameters('servers_covid19_sqlserver_rp553ihca7bom_name'), '/Default')]",
            "dependsOn": [
                "[resourceId('Microsoft.Sql/servers', parameters('servers_covid19_sqlserver_rp553ihca7bom_name'))]"
            ],
            "properties": {
                "state": "Disabled",
                "disabledAlerts": [
                    ""
                ],
                "emailAddresses": [
                    ""
                ],
                "emailAccountAdmins": false,
                "retentionDays": 0
            }
        },
        {
            "type": "Microsoft.Sql/servers/sqlVulnerabilityAssessments",
            "apiVersion": "2022-08-01-preview",
            "name": "[concat(parameters('servers_covid19_sqlserver_rp553ihca7bom_name'), '/Default')]",
            "dependsOn": [
                "[resourceId('Microsoft.Sql/servers', parameters('servers_covid19_sqlserver_rp553ihca7bom_name'))]"
            ],
            "properties": {
                "state": "Disabled"
            }
        },
        {
            "type": "Microsoft.Sql/servers/vulnerabilityAssessments",
            "apiVersion": "2022-08-01-preview",
            "name": "[concat(parameters('servers_covid19_sqlserver_rp553ihca7bom_name'), '/Default')]",
            "dependsOn": [
                "[resourceId('Microsoft.Sql/servers', parameters('servers_covid19_sqlserver_rp553ihca7bom_name'))]"
            ],
            "properties": {
                "recurringScans": {
                    "isEnabled": false,
                    "emailSubscriptionAdmins": true
                },
                "storageContainerPath": "[parameters('vulnerabilityAssessments_Default_storageContainerPath')]"
            }
        },
        {
            "type": "Microsoft.SqlVirtualMachine/sqlVirtualMachines",
            "apiVersion": "2022-08-01-preview",
            "name": "[parameters('sqlVirtualMachines_covid19_name')]",
            "location": "eastus2",
            "dependsOn": [
                "[resourceId('Microsoft.Compute/virtualMachines', parameters('virtualMachines_covid19_name'))]"
            ],
            "properties": {
                "virtualMachineResourceId": "[resourceId('Microsoft.Compute/virtualMachines', parameters('virtualMachines_covid19_name'))]",
                "sqlImageOffer": "SQL2019-WS2019",
                "sqlServerLicenseType": "PAYG",
                "sqlManagement": "Full",
                "leastPrivilegeMode": "NotSet",
                "sqlImageSku": "Standard",
                "enableAutomaticUpgrade": false
            }
        },
        {
            "type": "Microsoft.Storage/storageAccounts/blobServices",
            "apiVersion": "2022-09-01",
            "name": "[concat(parameters('storageAccounts_covid19rp553ihca7bom_name'), '/default')]",
            "dependsOn": [
                "[resourceId('Microsoft.Storage/storageAccounts', parameters('storageAccounts_covid19rp553ihca7bom_name'))]"
            ],
            "sku": {
                "name": "Standard_RAGRS",
                "tier": "Standard"
            },
            "properties": {
                "cors": {
                    "corsRules": []
                },
                "deleteRetentionPolicy": {
                    "allowPermanentDelete": false,
                    "enabled": false
                }
            }
        },
        {
            "type": "Microsoft.Storage/storageAccounts/blobServices",
            "apiVersion": "2022-09-01",
            "name": "[concat(parameters('storageAccounts_ds310sa07_name'), '/default')]",
            "dependsOn": [
                "[resourceId('Microsoft.Storage/storageAccounts', parameters('storageAccounts_ds310sa07_name'))]"
            ],
            "sku": {
                "name": "Standard_LRS",
                "tier": "Standard"
            },
            "properties": {
                "containerDeleteRetentionPolicy": {
                    "enabled": true,
                    "days": 7
                },
                "cors": {
                    "corsRules": []
                },
                "deleteRetentionPolicy": {
                    "allowPermanentDelete": false,
                    "enabled": true,
                    "days": 7
                }
            }
        },
        {
            "type": "Microsoft.Storage/storageAccounts/fileServices",
            "apiVersion": "2022-09-01",
            "name": "[concat(parameters('storageAccounts_covid19rp553ihca7bom_name'), '/default')]",
            "dependsOn": [
                "[resourceId('Microsoft.Storage/storageAccounts', parameters('storageAccounts_covid19rp553ihca7bom_name'))]"
            ],
            "sku": {
                "name": "Standard_RAGRS",
                "tier": "Standard"
            },
            "properties": {
                "protocolSettings": {
                    "smb": {}
                },
                "cors": {
                    "corsRules": []
                },
                "shareDeleteRetentionPolicy": {
                    "enabled": true,
                    "days": 7
                }
            }
        },
        {
            "type": "Microsoft.Storage/storageAccounts/fileServices",
            "apiVersion": "2022-09-01",
            "name": "[concat(parameters('storageAccounts_ds310sa07_name'), '/default')]",
            "dependsOn": [
                "[resourceId('Microsoft.Storage/storageAccounts', parameters('storageAccounts_ds310sa07_name'))]"
            ],
            "sku": {
                "name": "Standard_LRS",
                "tier": "Standard"
            },
            "properties": {
                "protocolSettings": {
                    "smb": {}
                },
                "cors": {
                    "corsRules": []
                },
                "shareDeleteRetentionPolicy": {
                    "enabled": true,
                    "days": 7
                }
            }
        },
        {
            "type": "Microsoft.Storage/storageAccounts/queueServices",
            "apiVersion": "2022-09-01",
            "name": "[concat(parameters('storageAccounts_covid19rp553ihca7bom_name'), '/default')]",
            "dependsOn": [
                "[resourceId('Microsoft.Storage/storageAccounts', parameters('storageAccounts_covid19rp553ihca7bom_name'))]"
            ],
            "properties": {
                "cors": {
                    "corsRules": []
                }
            }
        },
        {
            "type": "Microsoft.Storage/storageAccounts/queueServices",
            "apiVersion": "2022-09-01",
            "name": "[concat(parameters('storageAccounts_ds310sa07_name'), '/default')]",
            "dependsOn": [
                "[resourceId('Microsoft.Storage/storageAccounts', parameters('storageAccounts_ds310sa07_name'))]"
            ],
            "properties": {
                "cors": {
                    "corsRules": []
                }
            }
        },
        {
            "type": "Microsoft.Storage/storageAccounts/tableServices",
            "apiVersion": "2022-09-01",
            "name": "[concat(parameters('storageAccounts_covid19rp553ihca7bom_name'), '/default')]",
            "dependsOn": [
                "[resourceId('Microsoft.Storage/storageAccounts', parameters('storageAccounts_covid19rp553ihca7bom_name'))]"
            ],
            "properties": {
                "cors": {
                    "corsRules": []
                }
            }
        },
        {
            "type": "Microsoft.Storage/storageAccounts/tableServices",
            "apiVersion": "2022-09-01",
            "name": "[concat(parameters('storageAccounts_ds310sa07_name'), '/default')]",
            "dependsOn": [
                "[resourceId('Microsoft.Storage/storageAccounts', parameters('storageAccounts_ds310sa07_name'))]"
            ],
            "properties": {
                "cors": {
                    "corsRules": []
                }
            }
        },
        {
            "type": "Microsoft.Synapse/workspaces/auditingSettings",
            "apiVersion": "2021-06-01",
            "name": "[concat(parameters('workspaces_covid19_synapse_rp553ihca7bom_name'), '/Default')]",
            "dependsOn": [
                "[resourceId('Microsoft.Synapse/workspaces', parameters('workspaces_covid19_synapse_rp553ihca7bom_name'))]"
            ],
            "properties": {
                "retentionDays": 0,
                "auditActionsAndGroups": [],
                "isStorageSecondaryKeyInUse": false,
                "isAzureMonitorTargetEnabled": false,
                "state": "Disabled",
                "storageAccountSubscriptionId": "00000000-0000-0000-0000-000000000000"
            }
        },
        {
            "type": "Microsoft.Synapse/workspaces/azureADOnlyAuthentications",
            "apiVersion": "2021-06-01",
            "name": "[concat(parameters('workspaces_covid19_synapse_rp553ihca7bom_name'), '/default')]",
            "dependsOn": [
                "[resourceId('Microsoft.Synapse/workspaces', parameters('workspaces_covid19_synapse_rp553ihca7bom_name'))]"
            ],
            "properties": {
                "azureADOnlyAuthentication": false
            }
        },
        {
            "type": "Microsoft.Synapse/workspaces/dedicatedSQLminimalTlsSettings",
            "apiVersion": "2021-06-01",
            "name": "[concat(parameters('workspaces_covid19_synapse_rp553ihca7bom_name'), '/default')]",
            "location": "eastus2",
            "dependsOn": [
                "[resourceId('Microsoft.Synapse/workspaces', parameters('workspaces_covid19_synapse_rp553ihca7bom_name'))]"
            ],
            "properties": {
                "minimalTlsVersion": "1.2"
            }
        },
        {
            "type": "Microsoft.Synapse/workspaces/extendedAuditingSettings",
            "apiVersion": "2021-06-01",
            "name": "[concat(parameters('workspaces_covid19_synapse_rp553ihca7bom_name'), '/Default')]",
            "dependsOn": [
                "[resourceId('Microsoft.Synapse/workspaces', parameters('workspaces_covid19_synapse_rp553ihca7bom_name'))]"
            ],
            "properties": {
                "retentionDays": 0,
                "auditActionsAndGroups": [],
                "isStorageSecondaryKeyInUse": false,
                "isAzureMonitorTargetEnabled": false,
                "state": "Disabled",
                "storageAccountSubscriptionId": "00000000-0000-0000-0000-000000000000"
            }
        },
        {
            "type": "Microsoft.Synapse/workspaces/firewallRules",
            "apiVersion": "2021-06-01",
            "name": "[concat(parameters('workspaces_covid19_synapse_rp553ihca7bom_name'), '/allowAll')]",
            "dependsOn": [
                "[resourceId('Microsoft.Synapse/workspaces', parameters('workspaces_covid19_synapse_rp553ihca7bom_name'))]"
            ],
            "properties": {
                "startIpAddress": "0.0.0.0",
                "endIpAddress": "255.255.255.255"
            }
        },
        {
            "type": "Microsoft.Synapse/workspaces/integrationruntimes",
            "apiVersion": "2021-06-01",
            "name": "[concat(parameters('workspaces_covid19_synapse_rp553ihca7bom_name'), '/AutoResolveIntegrationRuntime')]",
            "dependsOn": [
                "[resourceId('Microsoft.Synapse/workspaces', parameters('workspaces_covid19_synapse_rp553ihca7bom_name'))]"
            ],
            "properties": {
                "type": "Managed",
                "typeProperties": {
                    "computeProperties": {
                        "location": "AutoResolve"
                    }
                }
            }
        },
        {
            "type": "Microsoft.Synapse/workspaces/securityAlertPolicies",
            "apiVersion": "2021-06-01",
            "name": "[concat(parameters('workspaces_covid19_synapse_rp553ihca7bom_name'), '/Default')]",
            "dependsOn": [
                "[resourceId('Microsoft.Synapse/workspaces', parameters('workspaces_covid19_synapse_rp553ihca7bom_name'))]"
            ],
            "properties": {
                "state": "Disabled",
                "disabledAlerts": [
                    ""
                ],
                "emailAddresses": [
                    ""
                ],
                "emailAccountAdmins": false,
                "retentionDays": 0
            }
        },
        {
            "type": "Microsoft.Synapse/workspaces/vulnerabilityAssessments",
            "apiVersion": "2021-06-01",
            "name": "[concat(parameters('workspaces_covid19_synapse_rp553ihca7bom_name'), '/Default')]",
            "dependsOn": [
                "[resourceId('Microsoft.Synapse/workspaces', parameters('workspaces_covid19_synapse_rp553ihca7bom_name'))]"
            ],
            "properties": {
                "recurringScans": {
                    "isEnabled": false,
                    "emailSubscriptionAdmins": true
                },
                "storageContainerPath": "[parameters('vulnerabilityAssessments_Default_storageContainerPath_1')]"
            }
        },
        {
            "type": "Microsoft.DocumentDB/databaseAccounts/sqlDatabases/containers",
            "apiVersion": "2023-04-15",
            "name": "[concat(parameters('databaseAccounts_covid19_cosmosdb_rp553ihca7bom_name'), '/covid19/covidpolicy')]",
            "dependsOn": [
                "[resourceId('Microsoft.DocumentDB/databaseAccounts/sqlDatabases', parameters('databaseAccounts_covid19_cosmosdb_rp553ihca7bom_name'), 'covid19')]",
                "[resourceId('Microsoft.DocumentDB/databaseAccounts', parameters('databaseAccounts_covid19_cosmosdb_rp553ihca7bom_name'))]"
            ],
            "properties": {
                "resource": {
                    "id": "covidpolicy",
                    "indexingPolicy": {
                        "indexingMode": "consistent",
                        "automatic": true,
                        "includedPaths": [
                            {
                                "path": "/*",
                                "indexes": [
                                    {
                                        "kind": "Range",
                                        "dataType": "Number",
                                        "precision": -1
                                    },
                                    {
                                        "kind": "Range",
                                        "dataType": "String",
                                        "precision": -1
                                    }
                                ]
                            }
                        ],
                        "excludedPaths": [
                            {
                                "path": "/\"_etag\"/?"
                            }
                        ]
                    },
                    "partitionKey": {
                        "paths": [
                            "/_partitionKey"
                        ],
                        "kind": "Hash",
                        "version": 2
                    },
                    "conflictResolutionPolicy": {
                        "mode": "LastWriterWins",
                        "conflictResolutionPath": "/_ts"
                    }
                }
            }
        },
        {
            "type": "Microsoft.Sql/servers/databases/advancedThreatProtectionSettings",
            "apiVersion": "2022-08-01-preview",
            "name": "[concat(parameters('servers_covid19_sqlserver_rp553ihca7bom_name'), '/covid19/Default')]",
            "dependsOn": [
                "[resourceId('Microsoft.Sql/servers/databases', parameters('servers_covid19_sqlserver_rp553ihca7bom_name'), 'covid19')]",
                "[resourceId('Microsoft.Sql/servers', parameters('servers_covid19_sqlserver_rp553ihca7bom_name'))]"
            ],
            "properties": {
                "state": "Disabled"
            }
        },
        {
            "type": "Microsoft.Sql/servers/databases/advisors",
            "apiVersion": "2014-04-01",
            "name": "[concat(parameters('servers_covid19_sqlserver_rp553ihca7bom_name'), '/covid19/CreateIndex')]",
            "dependsOn": [
                "[resourceId('Microsoft.Sql/servers/databases', parameters('servers_covid19_sqlserver_rp553ihca7bom_name'), 'covid19')]",
                "[resourceId('Microsoft.Sql/servers', parameters('servers_covid19_sqlserver_rp553ihca7bom_name'))]"
            ],
            "properties": {
                "autoExecuteValue": "Disabled"
            }
        },
        {
            "type": "Microsoft.Sql/servers/databases/advisors",
            "apiVersion": "2014-04-01",
            "name": "[concat(parameters('servers_covid19_sqlserver_rp553ihca7bom_name'), '/covid19/DbParameterization')]",
            "dependsOn": [
                "[resourceId('Microsoft.Sql/servers/databases', parameters('servers_covid19_sqlserver_rp553ihca7bom_name'), 'covid19')]",
                "[resourceId('Microsoft.Sql/servers', parameters('servers_covid19_sqlserver_rp553ihca7bom_name'))]"
            ],
            "properties": {
                "autoExecuteValue": "Disabled"
            }
        },
        {
            "type": "Microsoft.Sql/servers/databases/advisors",
            "apiVersion": "2014-04-01",
            "name": "[concat(parameters('servers_covid19_sqlserver_rp553ihca7bom_name'), '/covid19/DefragmentIndex')]",
            "dependsOn": [
                "[resourceId('Microsoft.Sql/servers/databases', parameters('servers_covid19_sqlserver_rp553ihca7bom_name'), 'covid19')]",
                "[resourceId('Microsoft.Sql/servers', parameters('servers_covid19_sqlserver_rp553ihca7bom_name'))]"
            ],
            "properties": {
                "autoExecuteValue": "Disabled"
            }
        },
        {
            "type": "Microsoft.Sql/servers/databases/advisors",
            "apiVersion": "2014-04-01",
            "name": "[concat(parameters('servers_covid19_sqlserver_rp553ihca7bom_name'), '/covid19/DropIndex')]",
            "dependsOn": [
                "[resourceId('Microsoft.Sql/servers/databases', parameters('servers_covid19_sqlserver_rp553ihca7bom_name'), 'covid19')]",
                "[resourceId('Microsoft.Sql/servers', parameters('servers_covid19_sqlserver_rp553ihca7bom_name'))]"
            ],
            "properties": {
                "autoExecuteValue": "Disabled"
            }
        },
        {
            "type": "Microsoft.Sql/servers/databases/advisors",
            "apiVersion": "2014-04-01",
            "name": "[concat(parameters('servers_covid19_sqlserver_rp553ihca7bom_name'), '/covid19/ForceLastGoodPlan')]",
            "dependsOn": [
                "[resourceId('Microsoft.Sql/servers/databases', parameters('servers_covid19_sqlserver_rp553ihca7bom_name'), 'covid19')]",
                "[resourceId('Microsoft.Sql/servers', parameters('servers_covid19_sqlserver_rp553ihca7bom_name'))]"
            ],
            "properties": {
                "autoExecuteValue": "Enabled"
            }
        },
        {
            "type": "Microsoft.Sql/servers/databases/auditingPolicies",
            "apiVersion": "2014-04-01",
            "name": "[concat(parameters('servers_covid19_sqlserver_rp553ihca7bom_name'), '/covid19/Default')]",
            "location": "East US 2",
            "dependsOn": [
                "[resourceId('Microsoft.Sql/servers/databases', parameters('servers_covid19_sqlserver_rp553ihca7bom_name'), 'covid19')]",
                "[resourceId('Microsoft.Sql/servers', parameters('servers_covid19_sqlserver_rp553ihca7bom_name'))]"
            ],
            "properties": {
                "auditingState": "Disabled"
            }
        },
        {
            "type": "Microsoft.Sql/servers/databases/auditingSettings",
            "apiVersion": "2022-08-01-preview",
            "name": "[concat(parameters('servers_covid19_sqlserver_rp553ihca7bom_name'), '/covid19/Default')]",
            "dependsOn": [
                "[resourceId('Microsoft.Sql/servers/databases', parameters('servers_covid19_sqlserver_rp553ihca7bom_name'), 'covid19')]",
                "[resourceId('Microsoft.Sql/servers', parameters('servers_covid19_sqlserver_rp553ihca7bom_name'))]"
            ],
            "properties": {
                "retentionDays": 0,
                "isAzureMonitorTargetEnabled": false,
                "state": "Disabled",
                "storageAccountSubscriptionId": "00000000-0000-0000-0000-000000000000"
            }
        },
        {
            "type": "Microsoft.Sql/servers/databases/backupLongTermRetentionPolicies",
            "apiVersion": "2022-08-01-preview",
            "name": "[concat(parameters('servers_covid19_sqlserver_rp553ihca7bom_name'), '/covid19/default')]",
            "dependsOn": [
                "[resourceId('Microsoft.Sql/servers/databases', parameters('servers_covid19_sqlserver_rp553ihca7bom_name'), 'covid19')]",
                "[resourceId('Microsoft.Sql/servers', parameters('servers_covid19_sqlserver_rp553ihca7bom_name'))]"
            ],
            "properties": {
                "weeklyRetention": "PT0S",
                "monthlyRetention": "PT0S",
                "yearlyRetention": "PT0S",
                "weekOfYear": 0
            }
        },
        {
            "type": "Microsoft.Sql/servers/databases/backupShortTermRetentionPolicies",
            "apiVersion": "2022-08-01-preview",
            "name": "[concat(parameters('servers_covid19_sqlserver_rp553ihca7bom_name'), '/covid19/default')]",
            "dependsOn": [
                "[resourceId('Microsoft.Sql/servers/databases', parameters('servers_covid19_sqlserver_rp553ihca7bom_name'), 'covid19')]",
                "[resourceId('Microsoft.Sql/servers', parameters('servers_covid19_sqlserver_rp553ihca7bom_name'))]"
            ],
            "properties": {
                "retentionDays": 7,
                "diffBackupIntervalInHours": 12
            }
        },
        {
            "type": "Microsoft.Sql/servers/databases/extendedAuditingSettings",
            "apiVersion": "2022-08-01-preview",
            "name": "[concat(parameters('servers_covid19_sqlserver_rp553ihca7bom_name'), '/covid19/Default')]",
            "dependsOn": [
                "[resourceId('Microsoft.Sql/servers/databases', parameters('servers_covid19_sqlserver_rp553ihca7bom_name'), 'covid19')]",
                "[resourceId('Microsoft.Sql/servers', parameters('servers_covid19_sqlserver_rp553ihca7bom_name'))]"
            ],
            "properties": {
                "retentionDays": 0,
                "isAzureMonitorTargetEnabled": false,
                "state": "Disabled",
                "storageAccountSubscriptionId": "00000000-0000-0000-0000-000000000000"
            }
        },
        {
            "type": "Microsoft.Sql/servers/databases/geoBackupPolicies",
            "apiVersion": "2022-08-01-preview",
            "name": "[concat(parameters('servers_covid19_sqlserver_rp553ihca7bom_name'), '/covid19/Default')]",
            "dependsOn": [
                "[resourceId('Microsoft.Sql/servers/databases', parameters('servers_covid19_sqlserver_rp553ihca7bom_name'), 'covid19')]",
                "[resourceId('Microsoft.Sql/servers', parameters('servers_covid19_sqlserver_rp553ihca7bom_name'))]"
            ],
            "properties": {
                "state": "Disabled"
            }
        },
        {
            "type": "Microsoft.Sql/servers/databases/ledgerDigestUploads",
            "apiVersion": "2022-08-01-preview",
            "name": "[concat(parameters('servers_covid19_sqlserver_rp553ihca7bom_name'), '/covid19/Current')]",
            "dependsOn": [
                "[resourceId('Microsoft.Sql/servers/databases', parameters('servers_covid19_sqlserver_rp553ihca7bom_name'), 'covid19')]",
                "[resourceId('Microsoft.Sql/servers', parameters('servers_covid19_sqlserver_rp553ihca7bom_name'))]"
            ],
            "properties": {}
        },
        {
            "type": "Microsoft.Sql/servers/databases/securityAlertPolicies",
            "apiVersion": "2022-08-01-preview",
            "name": "[concat(parameters('servers_covid19_sqlserver_rp553ihca7bom_name'), '/covid19/Default')]",
            "dependsOn": [
                "[resourceId('Microsoft.Sql/servers/databases', parameters('servers_covid19_sqlserver_rp553ihca7bom_name'), 'covid19')]",
                "[resourceId('Microsoft.Sql/servers', parameters('servers_covid19_sqlserver_rp553ihca7bom_name'))]"
            ],
            "properties": {
                "state": "Disabled",
                "disabledAlerts": [
                    ""
                ],
                "emailAddresses": [
                    ""
                ],
                "emailAccountAdmins": false,
                "retentionDays": 0
            }
        },
        {
            "type": "Microsoft.Sql/servers/databases/transparentDataEncryption",
            "apiVersion": "2022-08-01-preview",
            "name": "[concat(parameters('servers_covid19_sqlserver_rp553ihca7bom_name'), '/covid19/Current')]",
            "dependsOn": [
                "[resourceId('Microsoft.Sql/servers/databases', parameters('servers_covid19_sqlserver_rp553ihca7bom_name'), 'covid19')]",
                "[resourceId('Microsoft.Sql/servers', parameters('servers_covid19_sqlserver_rp553ihca7bom_name'))]"
            ],
            "properties": {
                "state": "Enabled"
            }
        },
        {
            "type": "Microsoft.Sql/servers/databases/vulnerabilityAssessments",
            "apiVersion": "2022-08-01-preview",
            "name": "[concat(parameters('servers_covid19_sqlserver_rp553ihca7bom_name'), '/covid19/Default')]",
            "dependsOn": [
                "[resourceId('Microsoft.Sql/servers/databases', parameters('servers_covid19_sqlserver_rp553ihca7bom_name'), 'covid19')]",
                "[resourceId('Microsoft.Sql/servers', parameters('servers_covid19_sqlserver_rp553ihca7bom_name'))]"
            ],
            "properties": {
                "recurringScans": {
                    "isEnabled": false,
                    "emailSubscriptionAdmins": true
                }
            }
        },
        {
            "type": "Microsoft.Storage/storageAccounts/blobServices/containers",
            "apiVersion": "2022-09-01",
            "name": "[concat(parameters('storageAccounts_ds310sa07_name'), '/default/challenge2')]",
            "dependsOn": [
                "[resourceId('Microsoft.Storage/storageAccounts/blobServices', parameters('storageAccounts_ds310sa07_name'), 'default')]",
                "[resourceId('Microsoft.Storage/storageAccounts', parameters('storageAccounts_ds310sa07_name'))]"
            ],
            "properties": {
                "immutableStorageWithVersioning": {
                    "enabled": false
                },
                "defaultEncryptionScope": "$account-encryption-key",
                "denyEncryptionScopeOverride": false,
                "publicAccess": "Container"
            }
        },
        {
            "type": "Microsoft.Storage/storageAccounts/blobServices/containers",
            "apiVersion": "2022-09-01",
            "name": "[concat(parameters('storageAccounts_ds310sa07_name'), '/default/containergroup7')]",
            "dependsOn": [
                "[resourceId('Microsoft.Storage/storageAccounts/blobServices', parameters('storageAccounts_ds310sa07_name'), 'default')]",
                "[resourceId('Microsoft.Storage/storageAccounts', parameters('storageAccounts_ds310sa07_name'))]"
            ],
            "properties": {
                "immutableStorageWithVersioning": {
                    "enabled": false
                },
                "defaultEncryptionScope": "$account-encryption-key",
                "denyEncryptionScopeOverride": false,
                "publicAccess": "None"
            }
        },
        {
            "type": "Microsoft.Storage/storageAccounts/blobServices/containers",
            "apiVersion": "2022-09-01",
            "name": "[concat(parameters('storageAccounts_covid19rp553ihca7bom_name'), '/default/workspace')]",
            "dependsOn": [
                "[resourceId('Microsoft.Storage/storageAccounts/blobServices', parameters('storageAccounts_covid19rp553ihca7bom_name'), 'default')]",
                "[resourceId('Microsoft.Storage/storageAccounts', parameters('storageAccounts_covid19rp553ihca7bom_name'))]"
            ],
            "properties": {
                "immutableStorageWithVersioning": {
                    "enabled": false
                },
                "defaultEncryptionScope": "$account-encryption-key",
                "denyEncryptionScopeOverride": false,
                "publicAccess": "None"
            }
        },
        {
            "type": "Microsoft.DocumentDB/databaseAccounts/sqlDatabases/containers/throughputSettings",
            "apiVersion": "2023-04-15",
            "name": "[concat(parameters('databaseAccounts_covid19_cosmosdb_rp553ihca7bom_name'), '/covid19/covidpolicy/default')]",
            "dependsOn": [
                "[resourceId('Microsoft.DocumentDB/databaseAccounts/sqlDatabases/containers', parameters('databaseAccounts_covid19_cosmosdb_rp553ihca7bom_name'), 'covid19', 'covidpolicy')]",
                "[resourceId('Microsoft.DocumentDB/databaseAccounts/sqlDatabases', parameters('databaseAccounts_covid19_cosmosdb_rp553ihca7bom_name'), 'covid19')]",
                "[resourceId('Microsoft.DocumentDB/databaseAccounts', parameters('databaseAccounts_covid19_cosmosdb_rp553ihca7bom_name'))]"
            ],
            "properties": {
                "resource": {
                    "throughput": 400
                }
            }
        },
        {
            "type": "Microsoft.Network/networkInterfaces",
            "apiVersion": "2022-11-01",
            "name": "[parameters('networkInterfaces_covid19_NIC_name')]",
            "location": "eastus2",
            "dependsOn": [
                "[resourceId('Microsoft.Network/publicIPAddresses', parameters('publicIPAddresses_covid19_PIP_name'))]",
                "[resourceId('Microsoft.Network/virtualNetworks/subnets', parameters('virtualNetworks_covid19_VNet_name'), 'default')]",
                "[resourceId('Microsoft.Network/networkSecurityGroups', parameters('networkSecurityGroups_covid19_NSG_name'))]"
            ],
            "kind": "Regular",
            "properties": {
                "ipConfigurations": [
                    {
                        "name": "ipconfig1",
                        "id": "[concat(resourceId('Microsoft.Network/networkInterfaces', parameters('networkInterfaces_covid19_NIC_name')), '/ipConfigurations/ipconfig1')]",
                        "etag": "W/\"917d0b6c-258b-43b2-aa0e-2b2e60de9a43\"",
                        "type": "Microsoft.Network/networkInterfaces/ipConfigurations",
                        "properties": {
                            "provisioningState": "Succeeded",
                            "privateIPAddress": "10.0.0.4",
                            "privateIPAllocationMethod": "Dynamic",
                            "publicIPAddress": {
                                "id": "[resourceId('Microsoft.Network/publicIPAddresses', parameters('publicIPAddresses_covid19_PIP_name'))]"
                            },
                            "subnet": {
                                "id": "[resourceId('Microsoft.Network/virtualNetworks/subnets', parameters('virtualNetworks_covid19_VNet_name'), 'default')]"
                            },
                            "primary": true,
                            "privateIPAddressVersion": "IPv4"
                        }
                    }
                ],
                "dnsSettings": {
                    "dnsServers": []
                },
                "enableAcceleratedNetworking": true,
                "enableIPForwarding": false,
                "disableTcpStateTracking": false,
                "networkSecurityGroup": {
                    "id": "[resourceId('Microsoft.Network/networkSecurityGroups', parameters('networkSecurityGroups_covid19_NSG_name'))]"
                },
                "nicType": "Standard"
            }
        }
    ]
}