{
	"name": "AzureSqlCountryParquet",
	"properties": {
		"linkedServiceName": {
			"referenceName": "AzureDataLakeStorage1",
			"type": "LinkedServiceReference"
		},
		"annotations": [],
		"type": "Parquet",
		"typeProperties": {
			"location": {
				"type": "AzureBlobFSLocation",
				"fileName": "dbo.Country.parquet",
				"folderPath": "srcazuresql",
				"fileSystem": "containergroup7"
			},
			"compressionCodec": "snappy"
		},
		"schema": [
			{
				"name": "Country",
				"type": "UTF8"
			},
			{
				"name": "CountryCode",
				"type": "UTF8"
			},
			{
				"name": "Latitude",
				"type": "DECIMAL",
				"precision": 10,
				"scale": 5
			},
			{
				"name": "Longitude",
				"type": "DECIMAL",
				"precision": 10,
				"scale": 5
			}
		]
	},
	"type": "Microsoft.DataFactory/factories/datasets"
}