{
	"name": "AzureSqlCOVID19Dates",
	"properties": {
		"linkedServiceName": {
			"referenceName": "AzureSqlDatabase1",
			"type": "LinkedServiceReference"
		},
		"annotations": [],
		"type": "AzureSqlTable",
		"schema": [
			{
				"name": "Country",
				"type": "varchar"
			},
			{
				"name": "CountryCode",
				"type": "varchar"
			},
			{
				"name": "Latitude",
				"type": "decimal",
				"precision": 10,
				"scale": 5
			},
			{
				"name": "Longitude",
				"type": "decimal",
				"precision": 10,
				"scale": 5
			}
		],
		"typeProperties": {
			"schema": "dbo",
			"table": "Dates"
		}
	},
	"type": "Microsoft.DataFactory/factories/datasets"
}