{
	"name": "CosmosDBJSON",
	"properties": {
		"linkedServiceName": {
			"referenceName": "AzureDataLakeStorage1",
			"type": "LinkedServiceReference"
		},
		"annotations": [],
		"type": "Json",
		"typeProperties": {
			"location": {
				"type": "AzureBlobFSLocation",
				"fileName": "data_eb19ffa9-e16d-4223-a3a8-fea5a81017dd_2b2a7c4e-3016-44b8-96bf-8ca6549b092b.json",
				"folderPath": "srccosmos",
				"fileSystem": "containergroup7"
			}
		},
		"schema": {
			"type": "object",
			"properties": {
				"CountryName": {
					"type": "string"
				},
				"CountryCode": {
					"type": "string"
				},
				"RegionName": {
					"type": "null"
				},
				"RegionCode": {
					"type": "null"
				},
				"Jurisdiction": {
					"type": "string"
				},
				"Date": {
					"type": "string"
				},
				"C1_School closing": {
					"type": "integer"
				},
				"C1_Flag": {
					"type": "integer"
				},
				"C2_Workplace closing": {
					"type": "integer"
				},
				"C2_Flag": {
					"type": "integer"
				},
				"C3_Cancel public events": {
					"type": "integer"
				},
				"C3_Flag": {
					"type": "integer"
				},
				"C4_Restrictions on gatherings": {
					"type": "integer"
				},
				"C4_Flag": {
					"type": "integer"
				},
				"C5_Close public transport": {
					"type": "integer"
				},
				"C5_Flag": {
					"type": "integer"
				},
				"C6_Stay at home requirements": {
					"type": "integer"
				},
				"C6_Flag": {
					"type": "integer"
				},
				"C7_Restrictions on internal movement": {
					"type": "integer"
				},
				"C7_Flag": {
					"type": "integer"
				},
				"C8_International travel controls": {
					"type": "integer"
				},
				"E1_Income support": {
					"type": "integer"
				},
				"E1_Flag": {
					"type": "integer"
				},
				"E2_Debt contract relief": {
					"type": "integer"
				},
				"E3_Fiscal measures": {
					"type": "integer"
				},
				"E4_International support": {
					"type": "integer"
				},
				"H1_Public information campaigns": {
					"type": "integer"
				},
				"H1_Flag": {
					"type": "integer"
				},
				"H2_Testing policy": {
					"type": "integer"
				},
				"H3_Contact tracing": {
					"type": "integer"
				},
				"H4_Emergency investment in healthcare": {
					"type": "integer"
				},
				"H5_Investment in vaccines": {
					"type": "integer"
				},
				"H6_Facial Coverings": {
					"type": "integer"
				},
				"H6_Flag": {
					"type": "integer"
				},
				"H7_Vaccination policy": {
					"type": "integer"
				},
				"H7_Flag": {
					"type": "integer"
				},
				"H8_Protection of elderly people": {
					"type": "integer"
				},
				"H8_Flag": {
					"type": "integer"
				},
				"M1_Wildcard": {
					"type": "integer"
				},
				"StringencyIndex": {
					"type": "integer"
				},
				"StringencyIndexForDisplay": {
					"type": "integer"
				},
				"StringencyLegacyIndex": {
					"type": "integer"
				},
				"StringencyLegacyIndexForDisplay": {
					"type": "integer"
				},
				"GovernmentResponseIndex": {
					"type": "integer"
				},
				"GovernmentResponseIndexForDisplay": {
					"type": "integer"
				},
				"ContainmentHealthIndex": {
					"type": "integer"
				},
				"ContainmentHealthIndexForDisplay": {
					"type": "integer"
				},
				"EconomicSupportIndex": {
					"type": "integer"
				},
				"EconomicSupportIndexForDisplay": {
					"type": "integer"
				},
				"id": {
					"type": "string"
				},
				"_rid": {
					"type": "string"
				},
				"_self": {
					"type": "string"
				},
				"_etag": {
					"type": "string"
				},
				"_attachments": {
					"type": "string"
				},
				"_ts": {
					"type": "integer"
				}
			}
		}
	},
	"type": "Microsoft.DataFactory/factories/datasets"
}